no,category,text,visual_contradiction,status
01,utility,おはよう,目を閉じたまま寝ぼけて手だけ振る,first_pass_complete
02,utility,おつかれさま,相手へ渡すはずのお茶を自分で飲み満足顔,first_pass_complete
03,utility,ありがとう,満面の笑みで勢いよくお辞儀して前につんのめる,first_pass_complete
04,utility,了解！,自信満々で敬礼するが地図は上下逆,first_pass_complete
05,utility,OK！,大きな丸を作るが片目だけ不安そうに泳ぐ,first_pass_complete
06,utility,はーい,両手を上げすぎて後ろへ転びかける,first_pass_complete
07,utility,お願いします,深く頭を下げるが顔だけこっそり様子を見る,first_pass_complete
08,utility,ごめんね,全力で謝るのに口元は能天気な笑顔,first_pass_complete
09,utility,だいじょうぶ？,体温計を上下逆に持って真剣にのぞく,first_pass_complete
10,utility,無理しないで,毛布を相手に渡すつもりが自分だけ包まる,first_pass_complete
11,utility,がんばって！,本人が誰より楽しそうにメガホンで全力応援,first_pass_complete
12,utility,今向かってます,スマホの矢印を寄り目で見ながら得意げに全力疾走,first_pass_complete
13,utility,あとで連絡するね,スマホを上下逆に耳へ当て自信満々,first_pass_complete
14,utility,おやすみ,布団に入るが目がギラギラして全く眠くない,first_pass_complete
15,utility,よろしく！,差し出した手と視線が合わず空中で握手を待つ,first_pass_complete
16,utility,いいね！,両手を立てるが白目と舌出しの変顔,first_pass_complete
17,utility,えらい！,相手を褒めるはずが自分へメダルを掛ける,first_pass_complete
18,comedy,分かったよ,力強くうなずくが寄り目で完全に理解していない,first_pass_complete
19,comedy,任せて！,説明書を読めず目が泳ぐのに胸を張る,first_pass_complete
20,comedy,今やる！,寝転んだまま満面の笑みで動く気配なし,first_pass_complete
21,comedy,ちゃんと聞いてる,返事しながら蝶に完全に気を取られる,first_pass_complete
22,comedy,余裕だよ,大量の汗と震える脚で強がる,first_pass_complete
23,comedy,大丈夫！,包帯だらけなのに笑顔で親指を立てる,first_pass_complete
24,comedy,なんとかなる！,散らかったまま解決した顔で陽気に祝う,first_pass_complete
